word,colour,stim_condition,correct_res,thisN,thisTRIALN,thisREPN,word,word,key_resp.rt,key_resp.duration,trials.thisRepN,trials.thisTrialN,trials.thisN,trials.thisIndex,thisRow.t,notes,instruction.started,intro.started,intro.stopped,instruction.stopped,trial.started,fixation.started,fixation.stopped,text.started,key_resp.started,trial.stopped,trials.key_resp.keys,trials.key_resp.corr,trials.key_resp.rt,trials.key_resp.duration,thanks.started,text_2.started,text_2.stopped,thanks.stopped,participant,session,date,expName,expVersion,psychopyVersion,frameRate,expStart,,,,Congruent,Incongruent
,,,,,,,,,,,,,,,,,0.007594625,0.013492333,1.027539416,0.996862166,,,,,,,,,,,,,,,802013,1,2025-08-23_14h19.01.070,stroop final,,2025.1.1,None,2025-08-23 14h19.13.883030 +0530,,,,,
BLUE,blue,C,b,0,0,0,b,1,0.874480624,None,0,0,0,3,1.027539416,,,,,,1.019670166,1.027539416,1.499363333,1.499363333,1.499363333,2.581608041,b,1,0.874480624,None,,,,,802013,1,2025-08-23_14h19.01.070,stroop final,,2025.1.1,None,2025-08-23 14h19.13.883030 +0530,,,,0.874480624,
BLUE,red,I,r,1,1,0,r,1,0.542960249,None,0,1,1,2,2.589887708,,,,,,2.581917291,2.589887708,3.082309458,3.082309458,3.082309458,3.631268083,r,1,0.542960249,None,,,,,802013,1,2025-08-23_14h19.01.070,stroop final,,2025.1.1,None,2025-08-23 14h19.13.883030 +0530,,,,0.455724125,0.542960249
RED,blue,I,b,2,2,0,b,1,0.382387875,None,0,2,2,1,3.6478015,,,,,,3.639231,3.6478015,4.136005291,4.136005291,4.136005291,4.525488708,b,1,0.382387875,None,,,,,802013,1,2025-08-23_14h19.01.070,stroop final,,2025.1.1,None,2025-08-23 14h19.13.883030 +0530,,,,0.370693041,0.382387875
RED,red,C,r,3,3,0,r,1,0.455724125,None,0,3,3,0,4.5365295,,,,,,4.526761875,4.5365295,5.022640291,5.022640291,5.022640291,5.481330833,r,1,0.455724125,None,,,,,802013,1,2025-08-23_14h19.01.070,stroop final,,2025.1.1,None,2025-08-23 14h19.13.883030 +0530,,,,0.430872041,0.411907083
BLUE,blue,C,b,4,0,1,b,1,0.370693041,None,1,0,4,3,5.493639208,,,,,,5.486268291,5.493639208,5.981720208,5.981720208,5.981720208,6.358250833,b,1,0.370693041,None,,,,,802013,1,2025-08-23_14h19.01.070,stroop final,,2025.1.1,None,2025-08-23 14h19.13.883030 +0530,,,,0.422436499,0.372236833
BLUE,red,I,r,5,1,1,r,1,0.411907083,None,1,1,5,2,6.3692665,,,,,,6.359385875,6.3692665,6.856499125,6.856499125,6.856499125,7.275520958,r,1,0.411907083,None,,,,,802013,1,2025-08-23_14h19.01.070,stroop final,,2025.1.1,None,2025-08-23 14h19.13.883030 +0530,,,,0.301145916,0.445522332
RED,blue,I,b,6,2,1,b,1,0.372236833,None,1,2,6,1,7.289211,,,,,,7.28065125,7.289211,7.773149541,7.773149541,7.773149541,8.147917458,b,1,0.372236833,None,,,,,802013,1,2025-08-23_14h19.01.070,stroop final,,2025.1.1,None,2025-08-23 14h19.13.883030 +0530,,,,0.340230416,0.525531749
RED,red,C,r,7,3,1,r,1,0.430872041,None,1,3,7,0,8.173550125,,,,,,8.149037291,8.173550125,8.64853075,8.64853075,8.64853075,9.091937583,r,1,0.430872041,None,,,,,802013,1,2025-08-23_14h19.01.070,stroop final,,2025.1.1,None,2025-08-23 14h19.13.883030 +0530,,,,0.675935707,0.298408708
BLUE,red,I,r,8,0,2,r,1,0.445522332,None,2,0,8,2,9.104812333,,,,,,9.096525875,9.104812333,9.589904875,9.589904875,9.589904875,10.0424,r,1,0.445522332,None,,,,,802013,1,2025-08-23_14h19.01.070,stroop final,,2025.1.1,None,2025-08-23 14h19.13.883030 +0530,,,,0.358151791,0.366734457
RED,red,C,r,9,1,2,r,1,0.422436499,None,2,1,9,0,10.06414783,,,,,,10.04753646,10.06414783,10.53997433,10.53997433,10.53997433,10.96495854,r,1,0.422436499,None,,,,,802013,1,2025-08-23_14h19.01.070,stroop final,,2025.1.1,None,2025-08-23 14h19.13.883030 +0530,,,,0.403721416,0.364421666
RED,blue,I,b,10,2,2,b,1,0.525531749,None,2,2,10,1,10.99024867,,,,,,10.96605517,10.99024867,11.46574633,11.46574633,11.46574633,11.99854567,b,1,0.525531749,None,,,,,802013,1,2025-08-23_14h19.01.070,stroop final,,2025.1.1,None,2025-08-23 14h19.13.883030 +0530,,,,0.346488124,0.351233583
BLUE,blue,C,b,11,3,2,b,1,0.301145916,None,2,3,11,3,12.01098838,,,,,,12.00356696,12.01098838,12.49918542,12.49918542,12.49918542,12.80888808,b,1,0.301145916,None,,,,,802013,1,2025-08-23_14h19.01.070,stroop final,,2025.1.1,None,2025-08-23 14h19.13.883030 +0530,,,,0.334514041,0.384353333
BLUE,blue,C,b,12,0,3,b,1,0.340230416,None,3,0,12,3,12.81960012,,,,,,12.81019371,12.81960012,13.30614454,13.30614454,13.30614454,13.64882058,b,1,0.340230416,None,,,,,802013,1,2025-08-23_14h19.01.070,stroop final,,2025.1.1,None,2025-08-23 14h19.13.883030 +0530,,,,0.373687791,0.308105583
BLUE,red,I,r,13,1,3,r,1,0.298408708,None,3,1,13,2,13.65949933,,,,,,13.64986883,13.65949933,14.14892571,14.14892571,14.14892571,14.45893913,r,1,0.298408708,None,,,,,802013,1,2025-08-23_14h19.01.070,stroop final,,2025.1.1,None,2025-08-23 14h19.13.883030 +0530,,,,0.399147541,0.419816249
RED,blue,I,b,14,2,3,b,1,0.366734457,None,3,2,14,1,14.47239262,,,,,,14.46400563,14.47239262,14.95668204,14.95668204,14.95668204,15.32557071,b,1,0.366734457,None,,,,,802013,1,2025-08-23_14h19.01.070,stroop final,,2025.1.1,None,2025-08-23 14h19.13.883030 +0530,,,,0.313658749,0.477017541
RED,red,C,r,15,3,3,r,1,0.675935707,None,3,3,15,0,15.33564808,,,,,,15.32668146,15.33564808,15.82335104,15.82335104,15.82335104,16.50910096,r,1,0.675935707,None,,,,,802013,1,2025-08-23_14h19.01.070,stroop final,,2025.1.1,None,2025-08-23 14h19.13.883030 +0530,,,,0.343887666,0.440319374
BLUE,blue,C,b,16,0,4,b,1,0.358151791,None,4,0,16,3,16.52327762,,,,,,16.51481725,16.52327762,17.00617346,17.00617346,17.00617346,17.37565717,b,1,0.358151791,None,,,,,802013,1,2025-08-23_14h19.01.070,stroop final,,2025.1.1,None,2025-08-23 14h19.13.883030 +0530,,,,0.375028124,0.519103541
RED,red,C,r,17,1,4,r,1,0.403721416,None,4,1,17,0,17.38829554,,,,,,17.38043175,17.38829554,17.87362725,17.87362725,17.87362725,18.28160363,r,1,0.403721416,None,,,,,802013,1,2025-08-23_14h19.01.070,stroop final,,2025.1.1,None,2025-08-23 14h19.13.883030 +0530,,,,0.304830624,0.642652333
BLUE,red,I,r,18,2,4,r,1,0.364421666,None,4,2,18,2,18.29386796,,,,,,18.28593413,18.29386796,18.78197746,18.78197746,18.78197746,19.14838337,r,1,0.364421666,None,,,,,802013,1,2025-08-23_14h19.01.070,stroop final,,2025.1.1,None,2025-08-23 14h19.13.883030 +0530,,,,0.367410582,0.402230583
RED,blue,I,b,19,3,4,b,1,0.351233583,None,4,3,19,1,19.16048442,,,,,,19.15265713,19.16048442,19.65005975,19.65005975,19.65005975,20.0086395,b,1,0.351233583,None,,,,,802013,1,2025-08-23_14h19.01.070,stroop final,,2025.1.1,None,2025-08-23 14h19.13.883030 +0530,,,,0.268541291,0.349934541
RED,blue,I,b,20,0,5,b,1,0.384353333,None,5,0,20,1,20.01728079,,,,,,20.0093105,20.01728079,20.5069455,20.5069455,20.5069455,20.89830546,b,1,0.384353333,None,,,,,802013,1,2025-08-23_14h19.01.070,stroop final,,2025.1.1,None,2025-08-23 14h19.13.883030 +0530,,,,0.268541291,0.339285416
BLUE,blue,C,b,21,1,5,b,1,0.346488124,None,5,1,21,3,20.91036358,,,,,,20.90246808,20.91036358,21.39987113,21.39987113,21.39987113,21.74840883,b,1,0.346488124,None,,,,,802013,1,2025-08-23_14h19.01.070,stroop final,,2025.1.1,None,2025-08-23 14h19.13.883030 +0530,,,,,
RED,red,C,r,22,2,5,r,1,0.334514041,None,5,2,22,0,21.76047562,,,,,,21.75311933,21.76047562,22.24876917,22.24876917,22.24876917,22.59244217,r,1,0.334514041,None,,,,,802013,1,2025-08-23_14h19.01.070,stroop final,,2025.1.1,None,2025-08-23 14h19.13.883030 +0530,,,,,
BLUE,red,I,r,23,3,5,r,1,0.308105583,None,5,3,23,2,22.60625146,,,,,,22.59744171,22.60625146,23.09014442,23.09014442,23.09014442,23.40909604,r,1,0.308105583,None,,,,,802013,1,2025-08-23_14h19.01.070,stroop final,,2025.1.1,None,2025-08-23 14h19.13.883030 +0530,,,,,
RED,blue,I,b,24,0,6,b,1,0.419816249,None,6,0,24,1,23.42303479,,,,,,23.41413342,23.42303479,23.90639425,23.90639425,23.90639425,24.33098192,b,1,0.419816249,None,,,,,802013,1,2025-08-23_14h19.01.070,stroop final,,2025.1.1,None,2025-08-23 14h19.13.883030 +0530,,,,,
BLUE,blue,C,b,25,1,6,b,1,0.373687791,None,6,1,25,3,24.34356771,,,,,,24.33522758,24.34356771,24.83270558,24.83270558,24.83270558,25.20928583,b,1,0.373687791,None,,,,,802013,1,2025-08-23_14h19.01.070,stroop final,,2025.1.1,None,2025-08-23 14h19.13.883030 +0530,,,,,
BLUE,red,I,r,26,2,6,r,1,0.477017541,None,6,2,26,2,25.2198735,,,,,,25.21053571,25.2198735,25.706348,25.706348,25.706348,26.19274942,r,1,0.477017541,None,,,,,802013,1,2025-08-23_14h19.01.070,stroop final,,2025.1.1,None,2025-08-23 14h19.13.883030 +0530,,,,,
RED,red,C,r,27,3,6,r,1,0.399147541,None,6,3,27,0,26.20680267,,,,,,26.19795808,26.20680267,26.69022521,26.69022521,26.69022521,27.09221296,r,1,0.399147541,None,,,,,802013,1,2025-08-23_14h19.01.070,stroop final,,2025.1.1,None,2025-08-23 14h19.13.883030 +0530,,,,,
RED,red,C,r,28,0,7,r,1,0.313658749,None,7,0,28,0,27.10261708,,,,,,27.09327446,27.10261708,27.58973917,27.58973917,27.58973917,27.90926387,r,1,0.313658749,None,,,,,802013,1,2025-08-23_14h19.01.070,stroop final,,2025.1.1,None,2025-08-23 14h19.13.883030 +0530,,,,,
BLUE,blue,C,b,29,1,7,b,1,0.343887666,None,7,1,29,3,27.92380079,,,,,,27.91519737,27.92380079,28.40639842,28.40639842,28.40639842,28.75922517,b,1,0.343887666,None,,,,,802013,1,2025-08-23_14h19.01.070,stroop final,,2025.1.1,None,2025-08-23 14h19.13.883030 +0530,,,,,
BLUE,red,I,r,30,2,7,r,1,0.440319374,None,7,2,30,2,28.77103329,,,,,,28.76032333,28.77103329,29.25696971,29.25696971,29.25696971,29.70921863,r,1,0.440319374,None,,,,,802013,1,2025-08-23_14h19.01.070,stroop final,,2025.1.1,None,2025-08-23 14h19.13.883030 +0530,,,,,
RED,blue,I,b,31,3,7,b,1,0.519103541,None,7,3,31,1,29.72193621,,,,,,29.71323863,29.72193621,30.20709687,30.20709687,30.20709687,30.73156938,b,1,0.519103541,None,,,,,802013,1,2025-08-23_14h19.01.070,stroop final,,2025.1.1,None,2025-08-23 14h19.13.883030 +0530,,,,,
RED,blue,I,b,32,0,8,b,1,0.642652333,None,8,0,32,1,30.75725725,,,,,,30.73251575,30.75725725,31.23254679,31.23254679,31.23254679,31.88158696,b,1,0.642652333,None,,,,,802013,1,2025-08-23_14h19.01.070,stroop final,,2025.1.1,None,2025-08-23 14h19.13.883030 +0530,,,,,
RED,red,C,r,33,1,8,r,1,0.375028124,None,8,1,33,0,31.90701192,,,,,,31.88254321,31.90701192,32.38230812,32.38230812,32.38230812,32.75910717,r,1,0.375028124,None,,,,,802013,1,2025-08-23_14h19.01.070,stroop final,,2025.1.1,None,2025-08-23 14h19.13.883030 +0530,,,,,
BLUE,red,I,r,34,2,8,r,1,0.402230583,None,8,2,34,2,32.77269483,,,,,,32.76406212,32.77269483,33.25702308,33.25702308,33.25702308,33.6654755,r,1,0.402230583,None,,,,,802013,1,2025-08-23_14h19.01.070,stroop final,,2025.1.1,None,2025-08-23 14h19.13.883030 +0530,,,,,
BLUE,blue,C,b,35,3,8,b,1,0.304830624,None,8,3,35,3,33.67657992,,,,,,33.66650796,33.67657992,34.16557646,34.16557646,34.16557646,34.47558458,b,1,0.304830624,None,,,,,802013,1,2025-08-23_14h19.01.070,stroop final,,2025.1.1,None,2025-08-23 14h19.13.883030 +0530,,,,,
BLUE,blue,C,b,36,0,9,b,1,0.367410582,None,9,0,36,3,34.48555871,,,,,,34.47661479,34.48555871,34.97380029,34.97380029,34.97380029,35.34866333,b,1,0.367410582,None,,,,,802013,1,2025-08-23_14h19.01.070,stroop final,,2025.1.1,None,2025-08-23 14h19.13.883030 +0530,,,,,
RED,blue,I,b,37,1,9,b,1,0.349934541,None,9,1,37,1,35.36162533,,,,,,35.35369033,35.36162533,35.85033667,35.85033667,35.85033667,36.20933571,b,1,0.349934541,None,,,,,802013,1,2025-08-23_14h19.01.070,stroop final,,2025.1.1,None,2025-08-23 14h19.13.883030 +0530,,,,,
BLUE,red,I,r,38,2,9,r,1,0.339285416,None,9,2,38,2,36.22270829,,,,,,36.21411358,36.22270829,36.70704962,36.70704962,36.70704962,37.04884146,r,1,0.339285416,None,,,,,802013,1,2025-08-23_14h19.01.070,stroop final,,2025.1.1,None,2025-08-23 14h19.13.883030 +0530,,,,,
RED,red,C,r,39,3,9,r,1,0.268541291,None,9,3,39,0,37.06085363,,,,,,37.05301529,37.06085363,37.5506505,37.5506505,37.5506505,37.82566762,r,1,0.268541291,None,,,,,802013,1,2025-08-23_14h19.01.070,stroop final,,2025.1.1,None,2025-08-23 14h19.13.883030 +0530,,,,,
,,,,,,,,,,,,,,,,,,,,,,,,,,,,,,,37.82594337,37.83718138,38.82958179,38.82469754,802013,1,2025-08-23_14h19.01.070,stroop final,,2025.1.1,None,2025-08-23 14h19.13.883030 +0530,,,,,